contig	position	site	coverage	stoichiometry	probability
ENST00000367876.9	2617	AAGATATAG	20	0.05	0.001750946044921875
ENST00000367876.9	2650	TTTATCTTC	20	0.05	0.031625568866729736
ENST00000367876.9	2652	TATCTTCCC	20	0.0	0.0025815963745117188
ENST00000367876.9	2653	ATCTTCCCA	20	0.05	0.002586185932159424
ENST00000367876.9	2678	GACTTTTTT	20	0.0	0.0042029619216918945
ENST00000367876.9	2679	ACTTTTTTA	20	0.05	0.012138605117797852
ENST00000367876.9	2680	CTTTTTTAG	20	0.0	0.0048179030418396
ENST00000367876.9	2692	CTCATTTAA	20	0.15	0.5821413993835449
ENST00000367876.9	2693	TCATTTAAT	20	0.05	0.004456758499145508
ENST00000367876.9	2694	CATTTAATG	21	0.0	0.0019138455390930176
ENST00000367876.9	2709	TTTTTTTCA	20	0.0	0.003982424736022949
ENST00000367876.9	2710	TTTTTTCAT	21	0.0	0.0037077665328979492
ENST00000367876.9	2711	TTTTTCATT	21	0.0	0.003717362880706787
ENST00000367876.9	2714	TTCATTATT	21	0.0	0.0029978156089782715
ENST00000367876.9	2715	TCATTATTA	21	0.0	0.0034373998641967773
ENST00000367876.9	2717	ATTATTATA	21	0.0	0.003197014331817627
ENST00000367876.9	2718	TTATTATAT	21	0.0	0.0032635927200317383
ENST00000367876.9	2720	ATTATATTT	21	0.047619047619047616	0.0044269561767578125
ENST00000367876.9	2722	TATATTTAA	21	0.0	0.0010117888450622559
ENST00000367876.9	2723	ATATTTAAT	21	0.0	0.0006420612335205078
ENST00000367876.9	2724	TATTTAATG	20	0.0	0.004263937473297119
ENST00000367876.9	2740	AGGATTTCG	22	0.0	0.0030562281608581543
ENST00000367876.9	2741	GGATTTCGT	22	0.0	0.0027076005935668945
ENST00000367876.9	2742	GATTTCGTA	21	0.0	0.003717362880706787
ENST00000367876.9	2745	TTCGTATGC	21	0.047619047619047616	0.0019464492797851562
ENST00000367876.9	2747	CGTATGCAA	20	0.05	0.0276486873626709
ENST00000367876.9	2759	CTTGTTTCT	21	0.0	0.0013971924781799316
ENST00000367876.9	2760	TTGTTTCTC	21	0.0	0.0036057233810424805
ENST00000367876.9	2761	TGTTTCTCA	21	0.0	0.0032716989517211914
ENST00000367876.9	2769	AGGCTGCCT	21	0.09523809523809523	0.0166204571723938
ENST00000367876.9	2784	GAAGTCGCT	20	0.0	0.004381418228149414
ENST00000367876.9	2788	TCGCTATAA	22	0.045454545454545456	0.04434812068939209
ENST00000367876.9	2790	GCTATAAAT	22	0.18181818181818182	0.050324857234954834
ENST00000367876.9	2794	TAAATTATC	22	0.045454545454545456	0.025054335594177246
ENST00000367876.9	2795	AAATTATCT	22	0.0	0.00279313325881958
ENST00000367876.9	2797	ATTATCTGT	21	0.0	0.003954291343688965
ENST00000367876.9	2799	TATCTGTTG	20	0.05	0.005338728427886963
ENST00000367876.9	2801	TCTGTTGTC	21	0.14285714285714285	0.7157651484012604
ENST00000367876.9	2802	CTGTTGTCT	21	0.19047619047619047	0.23755592107772827
ENST00000367876.9	2804	GTTGTCTAC	23	0.0	0.0025466084480285645
ENST00000367876.9	2806	TGTCTACAT	22	0.0	0.0020676851272583008
ENST00000367876.9	2824	CCCATTGAC	20	0.1	0.015041172504425049
ENST00000367876.9	2829	TGACTCATC	23	0.0	0.0022149085998535156
ENST00000367876.9	2832	CTCATCTGA	23	0.0	0.00219881534576416
ENST00000367876.9	2834	CATCTGATG	20	0.1	0.020727336406707764
ENST00000367876.9	2837	CTGATGCTT	20	0.2	0.02595597505569458
ENST00000367876.9	2840	ATGCTTGTT	22	0.045454545454545456	0.11166214942932129
ENST00000367876.9	2841	TGCTTGTTT	21	0.0	0.0012388825416564941
ENST00000367876.9	2843	CTTGTTTTG	21	0.0	0.0025882720947265625
ENST00000367876.9	2844	TTGTTTTGT	22	0.0	0.0027076005935668945
ENST00000367876.9	2845	TGTTTTGTT	23	0.0	0.0025568008422851562
ENST00000367876.9	2846	GTTTTGTTA	22	0.0	0.0016933679580688477
ENST00000367876.9	2853	TAATTTCTT	20	0.0	0.00450444221496582
ENST00000367876.9	2854	AATTTCTTT	21	0.0	0.0032716989517211914
ENST00000367876.9	2856	TTTCTTTAA	23	0.0	0.0023961663246154785
ENST00000367876.9	2857	TTCTTTAAT	23	0.043478260869565216	0.0014306902885437012
ENST00000367876.9	2858	TCTTTAATA	23	0.13043478260869565	0.1935487985610962
ENST00000367876.9	2861	TTAATATTT	24	0.2916666666666667	0.8874686509370804
ENST00000367876.9	2863	AATATTTTT	24	0.041666666666666664	0.02635270357131958
ENST00000367876.9	2864	ATATTTTTA	23	0.0	0.0018554329872131348
ENST00000367876.9	2865	TATTTTTAT	22	0.0	0.003020763397216797
ENST00000367876.9	2866	ATTTTTATC	20	0.0	0.0045209527015686035
ENST00000367876.9	2867	TTTTTATCA	22	0.0	0.0014289617538452148
ENST00000367876.9	2869	TTTATCACG	21	0.09523809523809523	0.003056168556213379
ENST00000367876.9	2880	GCAGTGGGA	21	0.047619047619047616	0.0021967291831970215
ENST00000367876.9	2889	GGGCTTGGG	21	0.0	0.0008614063262939453
ENST00000367876.9	2890	GGCTTGGGC	23	0.043478260869565216	0.013763964176177979
ENST00000367876.9	2895	GGGCTTTTA	22	0.0	0.002653956413269043
ENST00000367876.9	2896	GGCTTTTAG	26	0.038461538461538464	0.0029886364936828613
ENST00000367876.9	2897	GCTTTTAGC	26	0.07692307692307693	0.0036481618881225586
ENST00000367876.9	2898	CTTTTAGCC	24	0.041666666666666664	0.0020371079444885254
ENST00000367876.9	2908	CAGCTGTTT	22	0.0	0.002821624279022217
ENST00000367876.9	2910	GCTGTTTTA	22	0.045454545454545456	0.007026493549346924
ENST00000367876.9	2911	CTGTTTTAA	22	0.0	0.0027076005935668945
ENST00000367876.9	2912	TGTTTTAAG	22	0.0	0.002397298812866211
ENST00000367876.9	2913	GTTTTAAGA	22	0.0	0.0012557506561279297
ENST00000367876.9	2920	GACTTCTGA	20	0.0	0.0029219985008239746
ENST00000367876.9	2922	CTTCTGATC	22	0.0	0.0008876323699951172
ENST00000367876.9	2925	CTGATCTCC	23	0.043478260869565216	0.11788278818130493
ENST00000367876.9	2927	GATCTCCTG	25	0.12	0.055324018001556396
ENST00000367876.9	2930	CTCCTGCCC	23	0.34782608695652173	0.9741454012691975
ENST00000367876.9	2954	GAAGTCATT	26	0.0	0.0009843111038208008
ENST00000367876.9	2957	GTCATTGAA	27	0.0	0.0005162358283996582
ENST00000367876.9	2958	TCATTGAAT	27	0.0	0.0006676316261291504
ENST00000367876.9	2962	TGAATTTTT	28	0.0	0.0010595321655273438
ENST00000367876.9	2963	GAATTTTTA	28	0.0	0.0009148120880126953
ENST00000367876.9	2964	AATTTTTAC	28	0.0	0.0009986162185668945
ENST00000367876.9	2965	ATTTTTACA	28	0.0	0.0009338855743408203
ENST00000367876.9	2966	TTTTTACAC	28	0.0	0.000825345516204834
ENST00000367876.9	2971	ACACTATAG	26	0.07692307692307693	0.025236010551452637
ENST00000367876.9	2973	ACTATAGTA	22	0.18181818181818182	0.21183449029922485
ENST00000367876.9	2976	ATAGTAATT	20	0.3	0.09827840328216553
ENST00000367876.9	2979	GTAATTTGC	25	0.04	0.002746105194091797
ENST00000367876.9	2980	TAATTTGCA	25	0.04	0.0020292997360229492
ENST00000367876.9	2981	AATTTGCAT	25	0.0	8.660554885864258e-05
ENST00000367876.9	2985	TGCATTCCC	29	0.3103448275862069	0.9890779089182615
ENST00000367876.9	2986	GCATTCCCA	29	0.10344827586206896	0.004135847091674805
ENST00000367876.9	2993	CACATAAGT	25	0.04	0.00030112266540527344
ENST00000367876.9	2997	TAAGTTTGA	21	0.0	0.0029454827308654785
ENST00000367876.9	2998	AAGTTTGAG	23	0.0	0.0025273561477661133
ENST00000367876.9	2999	AGTTTGAGT	22	0.0	0.0030475258827209473
ENST00000367876.9	3003	TGAGTGTTA	25	0.0	0.0015741586685180664
ENST00000367876.9	3005	AGTGTTACG	23	0.0	0.0007055997848510742
ENST00000367876.9	3016	AACATTCCT	27	0.1111111111111111	0.0011791586875915527
ENST00000367876.9	3017	ACATTCCTT	28	0.0	0.0002371668815612793
ENST00000367876.9	3020	TTCCTTTAA	29	0.06896551724137931	0.04484301805496216
ENST00000367876.9	3021	TCCTTTAAA	29	0.034482758620689655	0.0028134584426879883
ENST00000367876.9	3022	CCTTTAAAG	29	0.06896551724137931	0.0008458495140075684
ENST00000367876.9	3030	GGGATCTGT	26	0.0	0.0009989738464355469
ENST00000367876.9	3032	GATCTGTGC	27	0.037037037037037035	0.000935971736907959
ENST00000367876.9	3034	TCTGTGCTA	27	0.037037037037037035	0.0004184842109680176
ENST00000367876.9	3037	GTGCTACAC	28	0.0	0.0003247261047363281
ENST00000367876.9	3046	AAAATATGC	26	0.038461538461538464	0.0001386404037475586
ENST00000367876.9	3048	AATATGCCA	20	0.0	0.0007535219192504883
ENST00000367876.9	3058	GACCTCACA	22	0.22727272727272727	0.9403159096837044
ENST00000367876.9	3073	GCCATTGCT	29	0.0	0.00020956993103027344
ENST00000367876.9	3074	CCATTGCTA	27	0.0	0.0008996129035949707
ENST00000367876.9	3077	TTGCTAGAA	25	0.08	0.01774519681930542
ENST00000367876.9	3083	GAAATGTCA	24	0.0	0.0008887648582458496
ENST00000367876.9	3085	AATGTCATT	27	0.0	0.0007356405258178711
ENST00000367876.9	3088	GTCATTCCA	30	0.0	0.0004150271415710449
ENST00000367876.9	3089	TCATTCCAA	30	0.0	0.0006914734840393066
ENST00000367876.9	3094	CCAATGATC	28	0.03571428571428571	0.00046378374099731445
ENST00000367876.9	3097	ATGATCAGA	24	0.041666666666666664	0.001313924789428711
ENST00000367876.9	3102	CAGATCTGG	30	0.2	0.019729316234588623
ENST00000367876.9	3104	GATCTGGAA	31	0.06451612903225806	0.001284182071685791
ENST00000367876.9	3115	AGGCTGCCA	22	0.45454545454545453	0.9987591655226424
ENST00000367876.9	3120	GCCATAACC	32	0.21875	0.9929325953125954
ENST00000367876.9	3127	CCACTTTTC	33	0.3333333333333333	0.03927147388458252
ENST00000367876.9	3128	CACTTTTCC	32	0.0	0.0002948641777038574
ENST00000367876.9	3129	ACTTTTCCT	32	0.0625	0.00047212839126586914
ENST00000367876.9	3130	CTTTTCCTT	32	0.03125	0.00367659330368042
ENST00000367876.9	3133	TTCCTTCTT	32	0.09375	0.013289690017700195
ENST00000367876.9	3134	TCCTTCTTG	32	0.125	0.9274353533983231
ENST00000367876.9	3136	CTTCTTGTA	30	0.06666666666666667	0.2560025453567505
ENST00000367876.9	3137	TTCTTGTAG	29	0.1724137931034483	0.0013918876647949219
ENST00000367876.9	3139	CTTGTAGAC	27	0.37037037037037035	0.9643102958798409
ENST00000367876.9	3144	AGACTCAGC	24	0.0	0.0014713406562805176
ENST00000367876.9	3149	CAGCTCACC	30	0.03333333333333333	0.0012112855911254883
ENST00000367876.9	3154	CACCTGTAT	29	0.034482758620689655	5.924701690673828e-05
ENST00000367876.9	3156	CCTGTATAT	31	0.3870967741935484	0.9999425190180773
ENST00000367876.9	3158	TGTATATTT	33	0.24242424242424243	0.012901544570922852
ENST00000367876.9	3160	TATATTTAA	33	0.09090909090909091	0.0037428736686706543
ENST00000367876.9	3161	ATATTTAAA	32	0.09375	0.005621373653411865
ENST00000367876.9	3162	TATTTAAAC	32	0.09375	0.00021600723266601562
ENST00000367876.9	3167	AAACTGTTC	24	0.041666666666666664	0.0016826987266540527
ENST00000367876.9	3169	ACTGTTCTT	20	0.05	0.006511032581329346
ENST00000367876.9	3170	CTGTTCTTG	20	0.0	0.004521489143371582
ENST00000367876.9	3172	GTTCTTGGC	22	0.0	0.0026380419731140137
ENST00000367876.9	3173	TTCTTGGCA	26	0.038461538461538464	0.03152310848236084
ENST00000367876.9	3178	GGCATCTTG	26	0.038461538461538464	0.0068122148513793945
ENST00000367876.9	3180	CATCTTGAA	27	0.037037037037037035	0.00075531005859375
ENST00000367876.9	3181	ATCTTGAAA	27	0.037037037037037035	0.003441929817199707
ENST00000367876.9	3190	CACCTATTT	31	0.03225806451612903	0.0006997585296630859
ENST00000367876.9	3192	CCTATTTCT	31	0.0	0.0004869699478149414
ENST00000367876.9	3193	CTATTTCTA	32	0.0	0.0004170536994934082
ENST00000367876.9	3194	TATTTCTAC	32	0.03125	0.0010535120964050293
ENST00000367876.9	3196	TTTCTACTC	33	0.12121212121212122	0.01700073480606079
ENST00000367876.9	3199	CTACTCAGG	25	0.12	0.08200442790985107
ENST00000367876.9	3204	CAGGTACTC	30	0.0	0.0002866983413696289
ENST00000367876.9	3207	GTACTCATT	31	0.03225806451612903	0.00013184547424316406
ENST00000367876.9	3210	CTCATTGTC	30	0.03333333333333333	0.000363767147064209
ENST00000367876.9	3211	TCATTGTCC	25	0.0	0.0008237957954406738
ENST00000367876.9	3213	ATTGTCCTG	25	0.04	0.0023599863052368164
ENST00000367876.9	3216	GTCCTGTTA	21	0.047619047619047616	0.003960907459259033
ENST00000367876.9	3218	CCTGTTACT	23	0.043478260869565216	0.0006583333015441895
ENST00000367876.9	3219	CTGTTACTG	23	0.043478260869565216	0.003172457218170166
ENST00000367876.9	3222	TTACTGATT	25	0.16	0.4979920983314514
ENST00000367876.9	3225	CTGATTCAC	28	0.0	0.0005770325660705566
ENST00000367876.9	3226	TGATTCACC	28	0.0	0.00014132261276245117
ENST00000367876.9	3231	CACCTTTCT	33	0.0	0.00016963481903076172
ENST00000367876.9	3232	ACCTTTCTG	33	0.030303030303030304	6.157159805297852e-05
ENST00000367876.9	3233	CCTTTCTGA	33	0.0	0.0004684329032897949
ENST00000367876.9	3235	TTTCTGATC	31	0.06451612903225806	0.006408870220184326
ENST00000367876.9	3238	CTGATCCTT	31	0.03225806451612903	0.0010684728622436523
ENST00000367876.9	3241	ATCCTTTTC	33	0.0	9.644031524658203e-05
ENST00000367876.9	3242	TCCTTTTCA	35	0.0	9.733438491821289e-05
ENST00000367876.9	3243	CCTTTTCAA	35	0.05714285714285714	0.00046324729919433594
ENST00000367876.9	3244	CTTTTCAAC	34	0.0	0.00023114681243896484
ENST00000367876.9	3253	CAGTTTTCC	25	0.0	0.001469433307647705
ENST00000367876.9	3254	AGTTTTCCC	22	0.13636363636363635	0.022406280040740967
ENST00000367876.9	3255	GTTTTCCCC	22	0.36363636363636365	0.9999927519870653
ENST00000367876.9	3272	GAAATTTTA	27	0.0	0.0009074211120605469
ENST00000367876.9	3273	AAATTTTAC	28	0.0	0.0009882450103759766
ENST00000367876.9	3274	AATTTTACT	36	0.0	0.0001996755599975586
ENST00000367876.9	3275	ATTTTACTT	36	0.0	7.683038711547852e-05
ENST00000367876.9	3278	TTACTTAAC	37	0.16216216216216217	0.0034734606742858887
ENST00000367876.9	3279	TACTTAACC	37	0.05405405405405406	0.003685474395751953
ENST00000367876.9	3284	AACCTCTAG	35	0.0	0.00024062395095825195
ENST00000367876.9	3286	CCTCTAGTA	29	0.0	0.000740349292755127
ENST00000367876.9	3289	CTAGTATTT	27	0.07407407407407407	0.003627002239227295
ENST00000367876.9	3291	AGTATTTGA	32	0.0	0.00025659799575805664
ENST00000367876.9	3292	GTATTTGAA	33	0.030303030303030304	0.0018205046653747559
ENST00000367876.9	3293	TATTTGAAC	33	0.0	0.0003083944320678711
ENST00000367876.9	3301	CAACTCAAT	35	0.0	0.00023794174194335938
ENST00000367876.9	3305	TCAATATTT	37	0.2702702702702703	0.05271434783935547
ENST00000367876.9	3307	AATATTTGA	35	0.02857142857142857	0.00026148557662963867
ENST00000367876.9	3308	ATATTTGAA	34	0.029411764705882353	0.008456885814666748
ENST00000367876.9	3309	TATTTGAAT	33	0.0	0.00016099214553833008
ENST00000367876.9	3313	TGAATTGTT	37	0.05405405405405406	0.0002161264419555664
ENST00000367876.9	3314	GAATTGTTG	38	0.02631578947368421	0.0005609393119812012
ENST00000367876.9	3316	ATTGTTGCC	35	0.17142857142857143	0.4490779638290405
ENST00000367876.9	3317	TTGTTGCCC	34	0.029411764705882353	0.0030420422554016113
ENST00000367876.9	3324	CCCATTTGC	37	0.08108108108108109	0.0012184381484985352
ENST00000367876.9	3325	CCATTTGCT	38	0.05263157894736842	0.0016028881072998047
ENST00000367876.9	3326	CATTTGCTT	35	0.14285714285714285	0.021863102912902832
ENST00000367876.9	3329	TTGCTTTTA	35	0.02857142857142857	0.00028002262115478516
ENST00000367876.9	3330	TGCTTTTAC	35	0.02857142857142857	0.001351475715637207
ENST00000367876.9	3331	GCTTTTACC	37	0.02702702702702703	0.00023651123046875
ENST00000367876.9	3332	CTTTTACCT	37	0.0	7.599592208862305e-05
ENST00000367876.9	3336	TACCTGTAC	28	0.03571428571428571	0.0017629265785217285
ENST00000367876.9	3338	CCTGTACTG	29	0.0	0.000545799732208252
ENST00000367876.9	3341	GTACTGTAT	32	0.09375	0.005937457084655762
ENST00000367876.9	3343	ACTGTATTC	34	0.17647058823529413	0.9797736722975969
ENST00000367876.9	3345	TGTATTCTT	36	0.0	0.00017905235290527344
ENST00000367876.9	3346	GTATTCTTG	34	0.0	0.00020557641983032227
ENST00000367876.9	3348	ATTCTTGGT	34	0.0	0.00023359060287475586
ENST00000367876.9	3349	TTCTTGGTC	31	0.06451612903225806	0.013637781143188477
ENST00000367876.9	3352	TTGGTCATC	31	0.0967741935483871	0.11147743463516235
ENST00000367876.9	3355	GTCATCTCA	39	0.05128205128205128	0.00047469139099121094
ENST00000367876.9	3357	CATCTCAAA	37	0.02702702702702703	0.00032061338424682617
ENST00000367876.9	3362	CAAATGGCG	34	0.47058823529411764	0.9825013652443886
ENST00000367876.9	3367	GGCGTCTAA	39	0.02564102564102564	0.00022208690643310547
ENST00000367876.9	3369	CGTCTAAAC	39	0.05128205128205128	0.00026541948318481445
ENST00000367876.9	3379	CAGCTACTT	40	0.0	5.02467155456543e-05
ENST00000367876.9	3382	CTACTTTGC	39	0.0	4.291534423828125e-06
ENST00000367876.9	3383	TACTTTGCA	37	0.0	8.744001388549805e-05
ENST00000367876.9	3384	ACTTTGCAT	38	0.02631578947368421	0.0001633167266845703
ENST00000367876.9	3388	TGCATTCCA	38	0.5789473684210527	0.9994286831934005
ENST00000367876.9	3389	GCATTCCAG	25	0.04	0.0006910562515258789
ENST00000367876.9	3397	GAAGTTTCC	31	0.03225806451612903	0.0008064508438110352
ENST00000367876.9	3398	AAGTTTCCA	32	0.03125	0.0011840462684631348
ENST00000367876.9	3399	AGTTTCCAT	36	0.027777777777777776	0.0004000663757324219
ENST00000367876.9	3403	TCCATTCCC	41	0.14634146341463414	0.0009750127792358398
ENST00000367876.9	3404	CCATTCCCT	40	0.025	0.00029200315475463867
ENST00000367876.9	3408	TCCCTCCAA	39	0.10256410256410256	0.00825721025466919
ENST00000367876.9	3413	CCAATTCCA	40	0.0	9.72747802734375e-05
ENST00000367876.9	3414	CAATTCCAC	40	0.025	0.00017583370208740234
ENST00000367876.9	3420	CACCTAATT	41	0.14634146341463414	0.08756643533706665
ENST00000367876.9	3423	CTAATTTTT	38	0.0	0.00012028217315673828
ENST00000367876.9	3424	TAATTTTTC	38	0.0	0.0001380443572998047
ENST00000367876.9	3425	AATTTTTCA	37	0.0	0.00013178586959838867
ENST00000367876.9	3426	ATTTTTCAT	37	0.0	0.00017064809799194336
ENST00000367876.9	3427	TTTTTCATC	39	0.0	9.107589721679688e-05
ENST00000367876.9	3430	TTCATCTGT	39	0.02564102564102564	7.683038711547852e-05
ENST00000367876.9	3432	CATCTGTCC	33	0.06060606060606061	0.07682037353515625
ENST00000367876.9	3434	TCTGTCCTA	28	0.03571428571428571	0.027847588062286377
ENST00000367876.9	3437	GTCCTAGTT	27	0.1111111111111111	0.009701132774353027
ENST00000367876.9	3440	CTAGTTACT	27	0.0	0.0006824135780334473
ENST00000367876.9	3441	TAGTTACTG	29	0.06896551724137931	0.0009195804595947266
ENST00000367876.9	3444	TTACTGGCT	23	0.08695652173913043	0.06509870290756226
ENST00000367876.9	3448	TGGCTCTTT	31	0.0	0.000586390495300293
ENST00000367876.9	3450	GCTCTTTCT	41	0.0	7.534027099609375e-05
ENST00000367876.9	3451	CTCTTTCTT	41	0.0	8.398294448852539e-05
ENST00000367876.9	3452	TCTTTCTTC	43	0.0	3.6716461181640625e-05
ENST00000367876.9	3454	TTTCTTCAT	42	0.0	6.288290023803711e-05
ENST00000367876.9	3455	TTCTTCATG	42	0.0	4.947185516357422e-05
ENST00000367876.9	3458	TTCATGTCT	36	0.0	0.00020503997802734375
ENST00000367876.9	3460	CATGTCTTA	32	0.0	0.00046318769454956055
ENST00000367876.9	3462	TGTCTTATT	27	0.0	0.000672459602355957
ENST00000367876.9	3463	GTCTTATTT	25	0.0	0.0012070536613464355
ENST00000367876.9	3465	CTTATTTCT	31	0.0	0.0005692839622497559
ENST00000367876.9	3466	TTATTTCTC	34	0.0	0.00016868114471435547
ENST00000367876.9	3467	TATTTCTCT	37	0.0	0.0001652240753173828
ENST00000367876.9	3469	TTTCTCTTG	41	0.0	4.70280647277832e-05
ENST00000367876.9	3471	TCTCTTGCT	40	0.025	0.00010126829147338867
ENST00000367876.9	3472	CTCTTGCTT	39	0.02564102564102564	0.00030243396759033203
ENST00000367876.9	3475	TTGCTTTGG	35	0.17142857142857143	0.474811315536499
ENST00000367876.9	3476	TGCTTTGGG	36	0.027777777777777776	9.417533874511719e-06
ENST00000367876.9	3477	GCTTTGGGA	37	0.02702702702702703	0.00011175870895385742
ENST00000367876.9	3484	GAGCTTAAA	36	0.0	0.00021451711654663086
ENST00000367876.9	3485	AGCTTAAAA	36	0.05555555555555555	0.0010874271392822266
ENST00000367876.9	3492	AAGATTTTA	38	0.0	0.0001329183578491211
ENST00000367876.9	3493	AGATTTTAC	38	0.0	0.00012683868408203125
ENST00000367876.9	3494	GATTTTACA	41	0.0	6.532669067382812e-05
ENST00000367876.9	3495	ATTTTACAA	39	0.02564102564102564	0.00019741058349609375
ENST00000367876.9	3504	GACCTAATT	31	0.1935483870967742	0.1906036138534546
ENST00000367876.9	3507	CTAATTTTG	34	0.029411764705882353	0.0067743659019470215
ENST00000367876.9	3508	TAATTTTGG	35	0.02857142857142857	0.0019585490226745605
ENST00000367876.9	3509	AATTTTGGG	35	0.14285714285714285	0.00583958625793457
ENST00000367876.9	3510	ATTTTGGGT	36	0.027777777777777776	0.0005570650100708008
ENST00000367876.9	3514	TGGGTTCCT	33	0.0	0.00016677379608154297
ENST00000367876.9	3515	GGGTTCCTT	34	0.058823529411764705	0.00429987907409668
ENST00000367876.9	3518	TTCCTTCCT	41	0.04878048780487805	0.006651699542999268
ENST00000367876.9	3519	TCCTTCCTT	42	0.0	4.6312808990478516e-05
ENST00000367876.9	3522	TTCCTTGGA	41	0.0	1.1086463928222656e-05
ENST00000367876.9	3523	TCCTTGGAG	39	0.02564102564102564	5.239248275756836e-05
ENST00000367876.9	3531	GCCATAGTT	32	0.21875	0.006080150604248047
ENST00000367876.9	3534	ATAGTTACC	34	0.14705882352941177	0.04005873203277588
ENST00000367876.9	3535	TAGTTACCC	35	0.0	3.141164779663086e-05
ENST00000367876.9	3540	ACCCTGCCA	42	0.07142857142857142	4.3451786041259766e-05
ENST00000367876.9	3552	AGAGTAGAA	43	0.4186046511627907	0.9286121353507042
ENST00000367876.9	3559	AAAATGGGT	32	0.25	0.9028782546520233
ENST00000367876.9	3563	TGGGTTCAA	24	0.875	0.9999999423354353
ENST00000367876.9	3564	GGGTTCAAC	26	0.9615384615384616	0.9999999999937514
ENST00000367876.9	3569	CAACTCCTG	39	0.05128205128205128	0.001433730125427246
ENST00000367876.9	3572	CTCCTGTTT	39	0.05128205128205128	0.005321919918060303
ENST00000367876.9	3574	CCTGTTTCG	38	0.18421052631578946	0.24808013439178467
ENST00000367876.9	3575	CTGTTTCGC	41	0.024390243902439025	0.0015972256660461426
ENST00000367876.9	3576	TGTTTCGCT	40	0.0	8.785724639892578e-05
ENST00000367876.9	3580	TCGCTCCAC	38	0.07894736842105263	0.00026488304138183594
ENST00000367876.9	3592	CACCTCTGT	44	0.045454545454545456	6.0439109802246094e-05
ENST00000367876.9	3594	CCTCTGTGA	45	0.08888888888888889	0.00041562318801879883
ENST00000367876.9	3596	TCTGTGAGT	43	0.2558139534883721	0.032231926918029785
ENST00000367876.9	3600	TGAGTCTCA	42	0.023809523809523808	0.00018078088760375977
ENST00000367876.9	3602	AGTCTCATC	42	0.023809523809523808	5.78761100769043e-05
ENST00000367876.9	3605	CTCATCATC	44	0.022727272727272728	1.823902130126953e-05
ENST00000367876.9	3608	ATCATCAGC	41	0.024390243902439025	9.524822235107422e-05
ENST00000367876.9	3613	CAGCTGAGC	37	0.10810810810810811	2.950429916381836e-05
ENST00000367876.9	3620	GCGATGATG	37	0.24324324324324326	0.9894683109596372
ENST00000367876.9	3623	ATGATGCCT	33	0.0	1.8477439880371094e-05
ENST00000367876.9	3627	TGCCTTACA	41	0.07317073170731707	0.0216103196144104
ENST00000367876.9	3628	GCCTTACAG	39	0.10256410256410256	0.0059413909912109375
ENST00000367876.9	3634	CAGGTTGCA	29	0.0	0.00041162967681884766
ENST00000367876.9	3635	AGGTTGCAT	34	0.0	0.00031751394271850586
ENST00000367876.9	3639	TGCATAGCA	43	0.37209302325581395	0.9639268182218075
ENST00000367876.9	3645	GCACTGGAA	42	0.11904761904761904	0.12468200922012329
ENST00000367876.9	3651	GAACTTTCC	45	0.0	3.701448440551758e-05
ENST00000367876.9	3652	AACTTTCCT	46	0.0	1.728534698486328e-05
ENST00000367876.9	3653	ACTTTCCTA	45	0.0	2.6941299438476562e-05
ENST00000367876.9	3656	TTCCTAGAG	40	0.2	0.13284915685653687
ENST00000367876.9	3661	AGAGTAACG	39	0.07692307692307693	0.0011579394340515137
ENST00000367876.9	3668	CGGCTCTGC	40	0.0	4.9233436584472656e-05
ENST00000367876.9	3670	GCTCTGCTG	45	0.0	1.5437602996826172e-05
ENST00000367876.9	3673	CTGCTGCCA	44	0.06818181818181818	0.010817646980285645
ENST00000367876.9	3681	AGGGTTTCT	33	0.0	0.00038820505142211914
ENST00000367876.9	3682	GGGTTTCTC	37	0.0	0.00012105703353881836
ENST00000367876.9	3683	GGTTTCTCT	42	0.0	5.8650970458984375e-05
ENST00000367876.9	3685	TTTCTCTGG	45	0.0	2.2649765014648438e-05
ENST00000367876.9	3687	TCTCTGGGC	46	0.043478260869565216	9.375810623168945e-05
ENST00000367876.9	3692	GGGCTCATT	40	0.0	5.8591365814208984e-05
ENST00000367876.9	3695	CTCATTCTT	40	0.2	0.8102552443742752
ENST00000367876.9	3696	TCATTCTTC	40	0.05	0.002974271774291992
ENST00000367876.9	3698	ATTCTTCCA	41	0.024390243902439025	5.453824996948242e-05
ENST00000367876.9	3699	TTCTTCCAC	43	0.0	2.6106834411621094e-05
ENST00000367876.9	3704	CCACTGACT	37	0.10810810810810811	0.7568909674882889
ENST00000367876.9	3708	TGACTTAAT	37	0.02702702702702703	9.298324584960938e-06
ENST00000367876.9	3709	GACTTAATT	40	0.0	8.970499038696289e-05
ENST00000367876.9	3712	TTAATTATG	42	0.0	6.592273712158203e-05
ENST00000367876.9	3713	TAATTATGA	42	0.0	6.0439109802246094e-05
ENST00000367876.9	3715	ATTATGATC	43	0.023255813953488372	0.00037342309951782227
ENST00000367876.9	3718	ATGATCTAT	44	0.022727272727272728	9.119510650634766e-05
ENST00000367876.9	3720	GATCTATGC	45	0.06666666666666667	0.00019103288650512695
ENST00000367876.9	3722	TCTATGCCT	43	0.046511627906976744	5.5789947509765625e-05
ENST00000367876.9	3726	TGCCTAACA	37	0.0	0.00022917985916137695
ENST00000367876.9	3740	CCAGTACAA	33	0.0	4.8100948333740234e-05
ENST00000367876.9	3746	CAACTATTT	44	0.0	1.9788742065429688e-05
ENST00000367876.9	3748	ACTATTTTG	44	0.0	6.783008575439453e-05
ENST00000367876.9	3749	CTATTTTGC	43	0.046511627906976744	0.007262468338012695
ENST00000367876.9	3750	TATTTTGCA	43	0.046511627906976744	0.00027382373809814453
ENST00000367876.9	3751	ATTTTGCAG	36	0.05555555555555555	0.0013333559036254883
ENST00000367876.9	3758	AGAATGGCT	34	0.2647058823529412	0.05710315704345703
ENST00000367876.9	3762	TGGCTGTTA	40	0.1	0.00013977289199829102
ENST00000367876.9	3764	GCTGTTACC	40	0.1	0.006803333759307861
ENST00000367876.9	3765	CTGTTACCC	41	0.04878048780487805	0.007132828235626221
ENST00000367876.9	3770	ACCCTAGAA	43	0.4883720930232558	0.9999999843605707
ENST00000367876.9	3775	AGAATTACT	41	0.024390243902439025	0.0009624958038330078
ENST00000367876.9	3776	GAATTACTA	44	0.022727272727272728	5.984306335449219e-05
ENST00000367876.9	3779	TTACTATAG	44	0.06818181818181818	0.0003281235694885254
ENST00000367876.9	3781	ACTATAGCA	46	0.15217391304347827	0.0020699501037597656
ENST00000367876.9	3788	CACATATTG	37	0.24324324324324326	0.014715909957885742
ENST00000367876.9	3790	CATATTGAG	39	0.05128205128205128	0.0020322799682617188
ENST00000367876.9	3791	ATATTGAGA	39	0.10256410256410256	0.00045305490493774414
ENST00000367876.9	3796	GAGATATAG	33	0.030303030303030304	0.0003827214241027832
ENST00000367876.9	3798	GATATAGTT	25	0.08	0.06719642877578735
ENST00000367876.9	3801	ATAGTTGTA	28	0.0	0.0004450082778930664
ENST00000367876.9	3802	TAGTTGTAC	33	0.030303030303030304	0.0007239580154418945
ENST00000367876.9	3804	GTTGTACTC	37	0.02702702702702703	0.0006847977638244629
ENST00000367876.9	3807	GTACTCCCT	39	0.23076923076923078	0.00020843744277954102
ENST00000367876.9	3811	TCCCTAGTA	36	0.08333333333333333	0.013333559036254883
ENST00000367876.9	3814	CTAGTAGAT	29	0.4482758620689655	0.9999936679791972
ENST00000367876.9	3818	TAGATAGGA	28	0.07142857142857142	0.0024437904357910156
ENST00000367876.9	3825	GAACTGACC	43	0.046511627906976744	0.00020241737365722656
ENST00000367876.9	3837	ACAATAAAC	44	0.3181818181818182	0.21203279495239258
ENST00000367876.9	3842	AAACTTTGA	43	0.0	1.1682510375976562e-05
ENST00000367876.9	3843	AACTTTGAT	41	0.0	6.031990051269531e-05
ENST00000367876.9	3844	ACTTTGATA	39	0.10256410256410256	0.00045114755630493164
ENST00000367876.9	3847	TTGATAATA	37	0.13513513513513514	0.0008088350296020508
ENST00000367876.9	3850	ATAATAAAG	29	0.3103448275862069	0.9990972342784517
ENST00000367876.9	996	GCTCTCGAA	9	0.0	0.02521955966949463
