model_kmer,model_mean,model_stdv
AAAAA,95.82620936892796,3.0
AAAAC,93.94534245544321,3.0
AAAAG,96.75244217476782,3.0
AAAAT,100.11003605201408,3.0
AAACA,80.52107965758883,3.0
AAACC,78.0608562659247,3.0
AAACG,74.00812263706015,3.0
AAACT,84.49851284450727,3.0
AAAGA,108.77035360010254,3.0
AAAGC,95.18957240215708,3.0
AAAGG,97.60129573899219,3.0
AAAGT,101.5521989303327,3.0
AAATA,94.09832310112735,3.0
AAATC,95.44718824854327,3.0
AAATG,78.18692355388767,3.0
AAATT,95.18957240215708,3.0
AACAA,74.44112929936631,3.0
AACAC,69.86647833170001,3.0
AACAG,80.3248699230055,3.0
AACAT,73.63390162534412,3.0
AACCA,69.46561259687189,3.0
AACCC,64.69771688982348,3.0
AACCG,72.75552179698519,3.0
AACCT,66.27001768740493,3.0
AACGA,74.65703773399467,3.0
AACGC,69.7031637746776,3.0
AACGG,76.90415569727837,3.0
AACGT,71.48891031799577,3.0
AACTA,79.75890617143183,3.0
AACTC,76.2959133559782,3.0
AACTG,80.93571164235745,3.0
AACTT,73.80230108940098,3.0
AAGAA,109.93333677501815,3.0
AAGAC,111.01234044909071,3.0
AAGAG,110.6043524711086,3.0
AAGAT,115.84039467189294,3.0
AAGCA,100.78068665803413,3.0
AAGCC,98.40977100906343,3.0
AAGCG,99.70462988278295,3.0
AAGCT,103.63028142087096,3.0
AAGGA,104.44476240503103,3.0
AAGGC,99.6576847110738,3.0
AAGGG,102.55951159961332,3.0
AAGGT,103.65252854799547,3.0
AAGTA,108.46386821649175,3.0
AAGTC,109.156603082218,3.0
AAGTG,100.90005810977325,3.0
AAGTT,107.8127511590893,3.0
AATAA,78.36647407746253,3.0
AATAC,73.22631984959625,3.0
AATAG,85.59338036734157,3.0
AATAT,78.07074391702294,3.0
AATCA,72.80660084947708,3.0
AATCC,67.96438524315963,3.0
AATCG,74.93763932091056,3.0
AATCT,71.43499083664527,3.0
AATGA,80.08297649250969,3.0
AATGC,73.33906082291048,3.0
AATGG,82.79538558676504,3.0
AATGT,76.21186832164322,3.0
AATTA,77.61352043328077,3.0
AATTC,73.66341014448489,3.0
AATTG,79.69973171221524,3.0
AATTT,72.51660390327108,3.0
ACAAA,92.09052976087104,3.0
ACAAC,81.02069839121474,3.0
ACAAG,93.29942432983735,3.0
ACAAT,90.80404072635456,3.0
ACACA,72.26175803284734,3.0
ACACC,68.72027981260051,3.0
ACACG,70.2446803712819,3.0
ACACT,75.89331107146006,3.0
ACAGA,110.60889659506475,3.0
ACAGC,95.70757424658491,3.0
ACAGG,99.8293701614573,3.0
ACAGT,104.37615516391364,3.0
ACATA,77.91133448848697,3.0
ACATC,77.60091814951757,3.0
ACATG,73.22913199188059,3.0
ACATT,79.01580960776492,3.0
ACCAA,77.09862782801363,3.0
ACCAC,68.43134809310136,3.0
ACCAG,85.20038480080204,3.0
ACCAT,75.75448724127297,3.0
ACCCA,65.90900334339925,3.0
ACCCC,60.411426990766685,3.0
ACCCG,70.73268298599793,3.0
ACCCT,65.27006268990887,3.0
ACCGA,85.08943589616831,3.0
ACCGC,77.92930770750148,3.0
ACCGG,85.74661752481722,3.0
ACCGT,80.64078000663874,3.0
ACCTA,72.51660390327108,3.0
ACCTC,67.75348001831705,3.0
ACCTG,78.98454205022914,3.0
ACCTT,68.75502749723665,3.0
ACGAA,93.94534245544321,3.0
ACGAC,93.4139617641573,3.0
ACGAG,95.5996548164863,3.0
ACGAT,97.26465423181352,3.0
ACGCA,83.87508236975374,3.0
ACGCC,81.40712216079402,3.0
ACGCG,79.66821502199426,3.0
ACGCT,86.45611051671538,3.0
ACGGA,107.32407774846914,3.0
ACGGC,94.8851173269455,3.0
ACGGG,99.62747096019936,3.0
ACGGT,103.529498992139,3.0
ACGTA,86.50609535315411,3.0
ACGTC,86.06678289310165,3.0
ACGTG,79.61713596950237,3.0
ACGTT,85.3337726893249,3.0
ACTAA,82.87767966458334,3.0
ACTAC,73.0982519453524,3.0
ACTAG,89.24316032567219,3.0
ACTAT,81.98169241005236,3.0
ACTCA,71.07672485836207,3.0
ACTCC,65.12462682906272,3.0
ACTCG,73.88338235838582,3.0
ACTCT,71.6906577204949,3.0
ACTGA,95.0303715212215,3.0
ACTGC,83.48838750586327,3.0
ACTGG,92.99983735648848,3.0
ACTGT,88.879463676515,3.0
ACTTA,74.83791702378822,3.0
ACTTC,69.96814555041973,3.0
ACTTG,79.54477399311328,3.0
ACTTT,71.70409542451063,3.0
AGAAA,96.52008272534536,3.0
AGAAC,88.5396853463734,3.0
AGAAG,94.51404631516799,3.0
AGAAT,97.1662028979103,3.0
AGACA,76.42198064394117,3.0
AGACC,74.93763932091056,3.0
AGACG,70.0045521284364,3.0
AGACT,81.91305863929077,3.0
AGAGA,110.2930529233885,3.0
AGAGC,96.68062203561509,3.0
AGAGG,103.07261881253424,3.0
AGAGT,105.79819486788014,3.0
AGATA,85.64116412177741,3.0
AGATC,88.95415973451395,3.0
AGATG,71.87533426326806,3.0
AGATT,88.72748114280871,3.0
AGCAA,76.78885083589994,3.0
AGCAC,70.07202298717874,3.0
AGCAG,85.78789343454767,3.0
AGCAT,75.40572344362867,3.0
AGCCA,68.9127515027479,3.0
AGCCC,64.50261279133882,3.0
AGCCG,72.14442795816693,3.0
AGCCT,66.64844338418587,3.0
AGCGA,81.66473818287321,3.0
AGCGC,73.65591455368912,3.0
AGCGG,82.95281759049715,3.0
AGCGT,76.08842746845527,3.0
AGCTA,78.85884951545201,3.0
AGCTC,75.75448724127297,3.0
AGCTG,79.2752192797617,3.0
AGCTT,73.90063365483088,3.0
AGGAA,106.26705572938617,3.0
AGGAC,105.87800324102278,3.0
AGGAG,105.83769592684486,3.0
AGGAT,111.96036691840172,3.0
AGGCA,95.50221301460643,3.0
AGGCC,93.77268507134005,3.0
AGGCG,95.45272837616118,3.0
AGGCT,98.86691297124995,3.0
AGGGA,104.23296360555031,3.0
AGGGC,96.77039729740251,3.0
AGGGG,101.0975635802898,3.0
AGGGT,102.46098875865587,3.0
AGGTA,105.59895302336659,3.0
AGGTC,104.14770031589859,3.0
AGGTG,96.44610700867878,3.0
AGGTT,104.54786398146717,3.0
AGTAA,80.33006850341606,3.0
AGTAC,72.39198151460504,3.0
AGTAG,88.3627512430721,3.0
AGTAT,80.11604718738549,3.0
AGTCA,71.76279674245697,3.0
AGTCC,66.89792394153456,3.0
AGTCG,73.88338235838582,3.0
AGTCT,71.624643532481,3.0
AGTGA,87.72955856202796,3.0
AGTGC,78.06600178704689,3.0
AGTGG,88.1519746255113,3.0
AGTGT,82.56639364522486,3.0
AGTTA,75.73957266183288,3.0
AGTTC,72.26175803284734,3.0
AGTTG,76.92624997148602,3.0
AGTTT,72.14442795816693,3.0
ATAAA,91.19504551542164,3.0
ATAAC,84.112089074928,3.0
ATAAG,92.18594090296568,3.0
ATAAT,91.65320878106304,3.0
ATACA,74.13286291573449,3.0
ATACC,70.9711279141348,3.0
ATACG,70.62722958295811,3.0
ATACT,77.80049978430839,3.0
ATAGA,107.26157302828793,3.0
ATAGC,92.67066157229425,3.0
ATAGG,98.50177669358607,3.0
ATAGT,101.75292274536783,3.0
ATATA,81.88143846588814,3.0
ATATC,82.13703384268355,3.0
ATATG,74.19387723212975,3.0
ATATT,83.33074853576787,3.0
ATCAA,76.46671419206696,3.0
ATCAC,69.29917527232718,3.0
ATCAG,83.48175228372718,3.0
ATCAT,76.168460552955,3.0
ATCCA,67.16484150283765,3.0
ATCCC,61.488729780829836,3.0
ATCCG,69.94617619394069,3.0
ATCCT,65.9000013607538,3.0
ATCGA,83.51358750537146,3.0
ATCGC,76.63372480289642,3.0
ATCGG,82.90287158221317,3.0
ATCGT,79.69973171221524,3.0
ATCTA,74.70910910059513,3.0
ATCTC,70.35041435605532,3.0
ATCTG,77.23889708457665,3.0
ATCTT,71.07672485836207,3.0
ATGAA,100.16737627622827,3.0
ATGAC,102.01925595172668,3.0
ATGAG,99.6576847110738,3.0
ATGAT,105.68235449421366,3.0
ATGCA,89.64224347924223,3.0
ATGCC,87.32155371751709,3.0
ATGCG,85.9659341402592,3.0
ATGCT,92.2671555229435,3.0
ATGGA,104.6032865165002,3.0
ATGGC,93.10956255932223,3.0
ATGGG,98.74362022726764,3.0
ATGGT,101.582164778373,3.0
ATGTA,95.83219663525095,3.0
ATGTC,95.13565274511357,3.0
ATGTG,82.8465198068614,3.0
ATGTT,94.15001655206783,3.0
ATTAA,80.37665859955627,3.0
ATTAC,72.38267979968812,3.0
ATTAG,86.14699448169739,3.0
ATTAT,80.65019469215972,3.0
ATTCA,70.69907695452707,3.0
ATTCC,65.55854041867562,3.0
ATTCG,73.0102000562794,3.0
ATTCT,71.2423747268454,3.0
ATTGA,90.1606956248493,3.0
ATTGC,80.65019469215972,3.0
ATTGG,89.54929976975045,3.0
ATTGT,85.46993951415361,3.0
ATTTA,74.32268515532284,3.0
ATTTC,70.4778372912672,3.0
ATTTG,76.64122812418454,3.0
ATTTT,71.64455323982851,3.0
CAAAA,94.58179898549498,3.0
CAAAC,91.89613001565503,3.0
CAAAG,94.85145155985197,3.0
CAAAT,98.82733531013379,3.0
CAACA,80.2027014385807,3.0
CAACC,77.3404713616952,3.0
CAACG,73.93626138574356,3.0
CAACT,83.57343767989641,3.0
CAAGA,107.94017409430117,3.0
CAAGC,94.82781399826297,3.0
CAAGG,97.84770008746567,3.0
CAAGT,101.0411334458565,3.0
CAATA,91.72124906084396,3.0
CAATC,92.7422215101023,3.0
CAATG,78.12034872948558,3.0
CAATT,92.83705813606113,3.0
CACAA,73.79083307969675,3.0
CACAC,69.07618517962966,3.0
CACAG,79.0151725449183,3.0
CACAT,73.42355527995966,3.0
CACCA,68.87594908838443,3.0
CACCC,63.563110771077795,3.0
CACCG,72.13958972411555,3.0
CACCT,65.78683485897446,3.0
CACGA,75.56030377414967,3.0
CACGC,71.1844552427842,3.0
CACGG,76.94980109211512,3.0
CACGT,72.7504314434675,3.0
CACTA,78.04912893334082,3.0
CACTC,74.58535235137897,3.0
CACTG,79.17445108216339,3.0
CACTT,72.92750697964016,3.0
CAGAA,111.13084380167784,3.0
CAGAC,110.74347814188324,3.0
CAGAG,110.48863227145951,3.0
CAGAT,117.29301602789243,3.0
CAGCA,99.9569137977656,3.0
CAGCC,97.76573139309797,3.0
CAGCG,98.62269846042685,3.0
CAGCT,102.19943651042783,3.0
CAGGA,104.20612860691067,3.0
CAGGC,99.71698039846584,3.0
CAGGG,102.980577286638,3.0
CAGGT,103.19735909120858,3.0
CAGTA,110.04340176812916,3.0
CAGTC,107.6810808454116,3.0
CAGTG,101.95269729108132,3.0
CAGTT,108.31702048663416,3.0
CATAA,77.87507268150881,3.0
CATAC,71.77308462222717,3.0
CATAG,83.25691056241946,3.0
CATAT,77.86136493733994,3.0
CATCA,72.74055925335396,3.0
CATCC,67.32412004008273,3.0
CATCG,75.19500831862065,3.0
CATCT,71.07672485836207,3.0
CATGA,82.47756062503876,3.0
CATGC,74.63182420612486,3.0
CATGG,82.91374100583951,3.0
CATGT,77.78424238320898,3.0
CATTA,77.15645999264991,3.0
CATTC,72.50863991491627,3.0
CATTG,78.79153221239858,3.0
CATTT,71.63142124164652,3.0
CCAAA,84.47485437545035,3.0
CCAAC,80.2027014385807,3.0
CCAAG,84.59577614229113,3.0
CCAAT,84.50275934450806,3.0
CCACA,73.29722392540583,3.0
CCACC,69.47344481547077,3.0
CCACG,70.30647116292555,3.0
CCACT,76.33530935052418,3.0
CCAGA,102.28259657908205,3.0
CCAGC,92.22021035123434,3.0
CCAGG,90.3426754556443,3.0
CCAGT,93.40646634905454,3.0
CCATA,78.56512559346956,3.0
CCATC,77.8683663037045,3.0
CCATG,74.13286291573449,3.0
CCATT,79.1855469740769,3.0
CCCAA,77.17838472310495,3.0
CCCAC,68.19546793149372,3.0
CCCAG,84.83761950027969,3.0
CCCAT,75.79164385274034,3.0
CCCCA,66.81864545850372,3.0
CCCCC,61.29389853358644,3.0
CCCCG,71.28441121160702,3.0
CCCCT,64.36153727956257,3.0
CCCGA,81.76438194522102,3.0
CCCGC,77.4759036140579,3.0
CCCGG,84.48631008664402,3.0
CCCGT,79.76696766940601,3.0
CCCTA,73.06712037420472,3.0
CCCTC,67.73074903264879,3.0
CCCTG,79.58108007472944,3.0
CCCTT,68.43907067926332,3.0
CCGAA,95.48840688235315,3.0
CCGAC,96.08334188384943,3.0
CCGAG,96.4317400643443,3.0
CCGAT,99.41876664166666,3.0
CCGCA,84.89465805959932,3.0
CCGCC,82.67568523771513,3.0
CCGCG,80.84303217514953,3.0
CCGCT,88.02327361151352,3.0
CCGGA,103.14825922045063,3.0
CCGGC,90.99656705702739,3.0
CCGGG,93.87118524789948,3.0
CCGGT,103.20428912621193,3.0
CCGTA,88.72055110780536,3.0
CCGTC,88.46527197842416,3.0
CCGTG,80.60535853931731,3.0
CCGTT,86.67762461245358,3.0
CCTAA,80.24513903047934,3.0
CCTAC,72.26175803284734,3.0
CCTAG,87.23745105587551,3.0
CCTAT,79.97022585608002,3.0
CCTCA,71.12715191410166,3.0
CCTCC,65.25349782604565,3.0
CCTCG,73.8337406503915,3.0
CCTCT,70.98752885642166,3.0
CCTGA,89.85400204502413,3.0
CCTGC,80.31998319768395,3.0
CCTGG,88.14901507679333,3.0
CCTGT,83.99590943806326,3.0
CCTTA,74.84301827027241,3.0
CCTTC,69.79293903646503,3.0
CCTTG,79.09848739911249,3.0
CCTTT,71.25321920206463,3.0
CGAAA,95.4415263656709,3.0
CGAAC,88.02017693440288,3.0
CGAAG,93.75500543534174,3.0
CGAAT,97.4607378188172,3.0
CGACA,76.42890734077737,3.0
CGACC,74.5309704460317,3.0
CGACG,69.81440714079255,3.0
CGACT,81.18004843551402,3.0
CGAGA,108.74218878108616,3.0
CGAGC,97.09702623575433,3.0
CGAGG,101.00511409522922,3.0
CGAGT,104.34144209080004,3.0
CGATA,82.8465198068614,3.0
CGATC,87.04281605772194,3.0
CGATG,71.49722059726913,3.0
CGATT,86.9308028926929,3.0
CGCAA,76.6029683363206,3.0
CGCAC,69.20754908470158,3.0
CGCAG,83.84578942593366,3.0
CGCAT,74.90991399795341,3.0
CGCCA,68.26571614530484,3.0
CGCCC,62.781493164044214,3.0
CGCCG,71.48891031799577,3.0
CGCCT,65.34906498353129,3.0
CGCGA,81.61035258797277,3.0
CGCGC,73.79083307969675,3.0
CGCGG,82.28896120878535,3.0
CGCGT,76.29868403471268,3.0
CGCTA,78.25063493364709,3.0
CGCTC,73.89628648273657,3.0
CGCTG,78.70215542235304,3.0
CGCTT,72.63597904456337,3.0
CGGAA,107.03141061992918,3.0
CGGAC,106.31586728791818,3.0
CGGAG,106.41109904745176,3.0
CGGAT,112.60331056138395,3.0
CGGCA,96.20426365069022,3.0
CGGCC,94.03030091772624,3.0
CGGCG,95.61388103072146,3.0
CGGCT,98.73590185773787,3.0
CGGGA,103.81970483733139,3.0
CGGGC,98.02334723948415,3.0
CGGGG,101.14693999184219,3.0
CGGGT,102.07871995302027,3.0
CGGTA,107.35028815846573,3.0
CGGTC,104.91320213039712,3.0
CGGTG,94.0913152341215,3.0
CGGTT,104.4269422146264,3.0
CGTAA,79.69973171221524,3.0
CGTAC,71.50535395368355,3.0
CGTAG,87.17453415989777,3.0
CGTAT,79.85129592086973,3.0
CGTCA,71.88753702113131,3.0
CGTCC,65.90900334339925,3.0
CGTCG,73.33906082291048,3.0
CGTCT,71.1734623069733,3.0
CGTGA,87.01421095202777,3.0
CGTGC,78.18692355388767,3.0
CGTGG,87.90419495217203,3.0
CGTGT,82.79538558676504,3.0
CGTTA,75.38712001379486,3.0
CGTTC,71.26500117517396,3.0
CGTTG,76.90894666991062,3.0
CGTTT,71.6106409754449,3.0
CTAAA,91.39510503519394,3.0
CTAAC,84.36693494535173,3.0
CTAAG,91.41520009866477,3.0
CTAAT,92.90427019900284,3.0
CTACA,75.39460418454512,3.0
CTACC,72.49186158404845,3.0
CTACG,71.61771824118887,3.0
CTACT,78.93608240479193,3.0
CTAGA,107.29185740775154,3.0
CTAGC,92.65535098081438,3.0
CTAGG,96.08984305222052,3.0
CTAGT,102.44891706777652,3.0
CTATA,83.34755163934979,3.0
CTATC,83.42311632357976,3.0
CTATG,75.42184626388405,3.0
CTATT,83.9804187612503,3.0
CTCAA,77.50085184548578,3.0
CTCAC,69.72240145626992,3.0
CTCAG,84.112089074928,3.0
CTCAT,76.75240982205372,3.0
CTCCA,68.03787762836149,3.0
CTCCC,61.658830304589124,3.0
CTCCG,70.64013388300188,3.0
CTCCT,66.63584338443178,3.0
CTCGA,82.56639364522486,3.0
CTCGC,77.23125162764516,3.0
CTCGG,82.56639364522486,3.0
CTCGT,80.33006850341606,3.0
CTCTA,74.85401788241761,3.0
CTCTC,70.87501716248273,3.0
CTCTG,77.7593342097869,3.0
CTCTT,71.15078947569066,3.0
CTGAA,101.65969458889627,3.0
CTGAC,104.55971904286781,3.0
CTGAG,101.48359713569855,3.0
CTGAT,107.47091458536025,3.0
CTGCA,92.5586015850786,3.0
CTGCC,90.91722971683892,3.0
CTGCG,87.74798612316087,3.0
CTGCT,94.9430368110067,3.0
CTGGA,104.07732068371757,3.0
CTGGC,93.29028671218981,3.0
CTGGG,99.04350623011594,3.0
CTGGT,101.5320757559806,3.0
CTGTA,97.48771020938901,3.0
CTGTC,98.09281678188428,3.0
CTGTG,85.94461440867684,3.0
CTGTT,95.56297081921016,3.0
CTTAA,80.16197878613211,3.0
CTTAC,72.3878253208103,3.0
CTTAG,85.96370327829148,3.0
CTTAT,80.20538655482034,3.0
CTTCA,71.76279674245697,3.0
CTTCC,66.03117165213104,3.0
CTTCG,73.99270522423149,3.0
CTTCT,71.66325646329081,3.0
CTTGA,88.32554016677227,3.0
CTTGC,79.34471447334099,3.0
CTTGG,88.1412016573463,3.0
CTTGT,82.75423863570238,3.0
CTTTA,74.39481767664363,3.0
CTTTC,70.73646794046698,3.0
CTTTG,76.93007024024966,3.0
CTTTT,71.75748870530248,3.0
GAAAA,93.39688457948306,3.0
GAAAC,92.88133400390136,3.0
GAAAG,93.32901314068272,3.0
GAAAT,98.52795565453424,3.0
GAACA,81.05393915692218,3.0
GAACC,77.91512699775537,3.0
GAACG,75.02683532285096,3.0
GAACT,83.58540764452421,3.0
GAAGA,102.81702343573883,3.0
GAAGC,91.19905166738764,3.0
GAAGG,95.96242011700865,3.0
GAAGT,95.57599634742937,3.0
GAATA,96.23800918240934,3.0
GAATC,95.59209720605875,3.0
GAATG,84.112089074928,3.0
GAATT,96.36186941480715,3.0
GACAA,70.98752885642166,3.0
GACAC,67.64636596496662,3.0
GACAG,75.64756697731025,3.0
GACAT,70.95822168146795,3.0
GACCA,68.49119809193331,3.0
GACCC,63.91266114631842,3.0
GACCG,70.91790610971864,3.0
GACCT,64.93851979381928,3.0
GACGA,69.51594969779143,3.0
GACGC,67.52162568629228,3.0
GACGG,73.163413670892,3.0
GACGT,68.39226219671431,3.0
GACTA,78.87299543798257,3.0
GACTC,75.66702550501348,3.0
GACTG,78.75665100107643,3.0
GACTT,72.63996007242923,3.0
GAGAA,111.35422937933613,3.0
GAGAC,111.09657786726935,3.0
GAGAG,112.6496209542556,3.0
GAGAT,117.43381201209311,3.0
GAGCA,99.76623013535954,3.0
GAGCC,96.29940387416669,3.0
GAGCG,100.30363042048191,3.0
GAGCT,102.13446752011791,3.0
GAGGA,101.0411334458565,3.0
GAGGC,92.69753293938652,3.0
GAGGG,101.62996979166279,3.0
GAGGT,99.45514932543428,3.0
GAGTA,111.34263697898231,3.0
GAGTC,109.78780639133375,3.0
GAGTG,105.21696427238558,3.0
GAGTT,109.60825586775888,3.0
GATAA,73.43376884158754,3.0
GATAC,69.50586702745444,3.0
GATAG,80.03455585092024,3.0
GATAT,73.5784615210103,3.0
GATCA,71.6106409754449,3.0
GATCC,66.84086201504488,3.0
GATCG,73.95466241723229,3.0
GATCT,69.39273056917943,3.0
GATGA,74.94219012120101,3.0
GATGC,68.35237057219305,3.0
GATGG,76.69066971784285,3.0
GATGT,70.95822168146795,3.0
GATTA,75.95702262691249,3.0
GATTC,72.0148761507784,3.0
GATTG,77.17838472310495,3.0
GATTT,70.39766101696604,3.0
GCAAA,88.2234284447426,3.0
GCAAC,81.6317873106288,3.0
GCAAG,89.33642854014956,3.0
GCAAT,89.07269277921941,3.0
GCACA,73.11693654535587,3.0
GCACC,69.54605715439611,3.0
GCACG,69.8916918595698,3.0
GCACT,75.98995206460995,3.0
GCAGA,106.44060756659252,3.0
GCAGC,91.49059699607221,3.0
GCAGG,93.66880763458104,3.0
GCAGT,98.55467996657892,3.0
GCATA,79.34619503831851,3.0
GCATC,79.16359922783784,3.0
GCATG,73.36127333851246,3.0
GCATT,79.71814609637256,3.0
GCCAA,74.80111460942476,3.0
GCCAC,68.19546793149372,3.0
GCCAG,82.15739525675434,3.0
GCCAT,74.32268515532284,3.0
GCCCA,65.47250583671925,3.0
GCCCC,60.53486801964765,3.0
GCCCG,69.56316772074184,3.0
GCCCT,63.92263611684158,3.0
GCCGA,80.97523677126424,3.0
GCCGC,75.25689670773018,3.0
GCCGG,81.87369321532816,3.0
GCCGT,77.83141367181929,3.0
GCCTA,72.73577126750284,3.0
GCCTC,68.15041866303274,3.0
GCCTG,77.47069484345289,3.0
GCCTT,68.6551354806687,3.0
GCGAA,96.36186941480715,3.0
GCGAC,97.91577128921597,3.0
GCGAG,97.13443092574884,3.0
GCGAT,101.13842678714471,3.0
GCGCA,86.75950352769425,3.0
GCGCC,84.74242586612881,3.0
GCGCG,82.86468576110555,3.0
GCGCT,89.29660894976153,3.0
GCGGA,105.26429280623796,3.0
GCGGC,91.19785396815283,3.0
GCGGG,98.82284477254504,3.0
GCGGT,101.43180371543657,3.0
GCGTA,90.03725459596832,3.0
GCGTC,90.03725459596832,3.0
GCGTG,80.61935986650236,3.0
GCGTT,88.37820818682755,3.0
GCTAA,79.32152967263335,3.0
GCTAC,71.89143512189744,3.0
GCTAG,85.35949238875044,3.0
GCTAT,79.06939509670742,3.0
GCTCA,69.76695158089547,3.0
GCTCC,64.4044733125246,3.0
GCTCG,72.6245233333697,3.0
GCTCT,70.1411724169185,3.0
GCTGA,86.43063204378969,3.0
GCTGC,79.69973171221524,3.0
GCTGG,87.27999933436912,3.0
GCTGT,83.2389067728216,3.0
GCTTA,73.55238815155988,3.0
GCTTC,69.46686862618532,3.0
GCTTG,77.3404713616952,3.0
GCTTT,70.55140100783028,3.0
GGAAA,95.32530561664231,3.0
GGAAC,87.67993073378128,3.0
GGAAG,93.56956480367725,3.0
GGAAT,96.22871976600298,3.0
GGACA,75.52664521046947,3.0
GGACC,73.74304950095393,3.0
GGACG,69.59876224567604,3.0
GGACT,80.53463068359464,3.0
GGAGA,107.9415590822824,3.0
GGAGC,95.22177447080186,3.0
GGAGG,101.32625420832143,3.0
GGAGT,103.90466329961441,3.0
GGATA,84.67639059495399,3.0
GGATC,88.1025066779018,3.0
GGATG,71.21997070586482,3.0
GGATT,87.35533755031193,3.0
GGCAA,74.47555616857005,3.0
GGCAC,68.14532725535699,3.0
GGCAG,82.61448828843817,3.0
GGCAT,73.4915092944737,3.0
GGCCA,67.37502357525973,3.0
GGCCC,62.832462408406165,3.0
GGCCG,70.7040790223083,3.0
GGCCT,64.64368812742207,3.0
GGCGA,79.03337574608014,3.0
GGCGC,71.6106409754449,3.0
GGCGG,79.81471628524028,3.0
GGCGT,73.8337406503915,3.0
GGCTA,77.40887146075627,3.0
GGCTC,73.77456619117491,3.0
GGCTG,77.3214499581956,3.0
GGCTT,72.13295010965425,3.0
GGGAA,106.43480565639285,3.0
GGGAC,105.89754610136981,3.0
GGGAG,106.11984677470436,3.0
GGGAT,111.47780200228001,3.0
GGGCA,94.72226923485904,3.0
GGGCC,92.99983735648848,3.0
GGGCG,94.83975708186055,3.0
GGGCT,97.95648199454003,3.0
GGGGA,102.3712725297191,3.0
GGGGC,93.61704214950731,3.0
GGGGG,99.8293701614573,3.0
GGGGT,100.47069813153894,3.0
GGGTA,105.41874488086319,3.0
GGGTC,103.90466329961441,3.0
GGGTG,96.09264359876634,3.0
GGGTT,103.66513522408387,3.0
GGTAA,78.64270547650007,3.0
GGTAC,70.53358468267183,3.0
GGTAG,86.51037031542216,3.0
GGTAT,78.37805786885896,3.0
GGTCA,70.6228824108638,3.0
GGTCC,65.63576645598825,3.0
GGTCG,72.75552179698519,3.0
GGTCT,69.94321506398565,3.0
GGTGA,85.24669519367367,3.0
GGTGC,76.0956886847785,3.0
GGTGG,85.8402624251035,3.0
GGTGT,79.95186646383416,3.0
GGTTA,74.41636361297364,3.0
GGTTC,70.79573762529385,3.0
GGTTG,75.72365241561562,3.0
GGTTT,70.91790610971864,3.0
GTAAA,89.00679103473057,3.0
GTAAC,83.37907887115125,3.0
GTAAG,87.76804218278396,3.0
GTAAT,89.97067977156624,3.0
GTACA,74.48369514716072,3.0
GTACC,71.12715191410166,3.0
GTACG,71.27423050457162,3.0
GTACT,77.4759036140579,3.0
GTAGA,104.97897632176223,3.0
GTAGC,88.51015012189545,3.0
GTAGG,93.47385059114399,3.0
GTAGT,97.70878472122146,3.0
GTATA,82.86468576110555,3.0
GTATC,83.44634012813518,3.0
GTATG,75.15850563652866,3.0
GTATT,83.32206701716882,3.0
GTCAA,74.83791702378822,3.0
GTCAC,68.51954826707303,3.0
GTCAG,80.84303217514953,3.0
GTCAT,74.96672494698132,3.0
GTCCA,66.75554355778868,3.0
GTCCC,61.29389853358644,3.0
GTCCG,69.19931294787756,3.0
GTCCT,65.10218310146236,3.0
GTCGA,79.95836482111713,3.0
GTCGC,75.09553287017441,3.0
GTCGG,80.67549307975233,3.0
GTCGT,77.77353986794013,3.0
GTCTA,74.1527682307568,3.0
GTCTC,70.45844675675802,3.0
GTCTG,75.94852769428783,3.0
GTCTT,70.51114095507147,3.0
GTGAA,101.21565967648463,3.0
GTGAC,102.83561210735999,3.0
GTGAG,100.63073232441096,3.0
GTGAT,107.18241436788847,3.0
GTGCA,90.61065771657522,3.0
GTGCC,88.10513539668591,3.0
GTGCG,87.86066314422024,3.0
GTGCT,93.44871348973263,3.0
GTGGA,102.12942917173055,3.0
GTGGC,90.29487044235451,3.0
GTGGG,96.69543032078539,3.0
GTGGT,98.95755879189149,3.0
GTGTA,98.23672604618486,3.0
GTGTC,97.42706783509146,3.0
GTGTG,86.20332394403717,3.0
GTGTT,96.31792999907702,3.0
GTTAA,78.41928300331013,3.0
GTTAC,71.25321920206463,3.0
GTTAG,83.01257376926287,3.0
GTTAT,78.31573147708076,3.0
GTTCA,70.11861308331895,3.0
GTTCC,65.07591892940536,3.0
GTTCG,72.39056595604043,3.0
GTTCT,70.210739293245,3.0
GTTGA,83.8487484475726,3.0
GTTGC,78.18692355388767,3.0
GTTGG,85.24069211497996,3.0
GTTGT,82.13703384268355,3.0
GTTTA,73.27029686363005,3.0
GTTTC,70.01643213824416,3.0
GTTTG,75.2848016767879,3.0
GTTTT,70.90390759362172,3.0
TAAAA,93.10199546147226,3.0
TAAAC,90.99292652221082,3.0
TAAAG,92.75295547441955,3.0
TAAAT,97.67277714202571,3.0
TAACA,78.9810178241838,3.0
TAACC,76.53765059538999,3.0
TAACG,74.16870780320494,3.0
TAACT,82.41918469054305,3.0
TAAGA,108.06223171643799,3.0
TAAGC,93.37016026743838,3.0
TAAGG,97.8335249998958,3.0
TAAGT,101.13118155888519,3.0
TAATA,92.20785983555146,3.0
TAATC,92.61644429129537,3.0
TAATG,77.08002457387282,3.0
TAATT,94.139292250866,3.0
TACAA,73.1442295756671,3.0
TACAC,68.55852962612039,3.0
TACAG,77.25137111244409,3.0
TACAT,73.22913199188059,3.0
TACCA,67.96438524315963,3.0
TACCC,62.91316347772191,3.0
TACCG,71.36010239480268,3.0
TACCT,65.47111891611495,3.0
TACGA,74.2817008959855,3.0
TACGC,69.91773659105995,3.0
TACGG,75.51734349555255,3.0
TACGT,71.90265716139062,3.0
TACTA,77.85404908049125,3.0
TACTC,73.91529260094448,3.0
TACTG,78.81726034508848,3.0
TACTT,72.00131124502497,3.0
TAGAA,110.11026437767816,3.0
TAGAC,109.63587902523194,3.0
TAGAG,109.70880409771132,3.0
TAGAT,116.29651093829936,3.0
TAGCA,99.49230593690164,3.0
TAGCC,96.44610700867878,3.0
TAGCG,97.89453931629106,3.0
TAGCT,101.07960845765511,3.0
TAGGA,103.58049002243392,3.0
TAGGC,97.42706783509146,3.0
TAGGG,101.3489342430174,3.0
TAGGT,101.88758563804898,3.0
TAGTA,108.45679095074777,3.0
TAGTC,108.17551645961166,3.0
TAGTG,97.6741345462047,3.0
TAGTT,106.51051704428443,3.0
TATAA,77.4377647029834,3.0
TATAC,70.74894987451977,3.0
TATAG,83.85164228710562,3.0
TATAT,77.60091814951757,3.0
TATCA,71.44449389574923,3.0
TATCC,66.20492219812931,3.0
TATCG,74.19387723212975,3.0
TATCT,70.1550324869252,3.0
TATGA,80.72628013046508,3.0
TATGC,73.0102000562794,3.0
TATGG,82.25321365524128,3.0
TATGT,76.03231797376137,3.0
TATTA,76.34807906972391,3.0
TATTC,71.74086445720259,3.0
TATTG,78.66366108432356,3.0
TATTT,71.36010239480268,3.0
TCAAA,83.97742618224684,3.0
TCAAC,79.9716118982193,3.0
TCAAG,83.7338870353461,3.0
TCAAT,84.37542970228338,3.0
TCACA,72.61726791491571,3.0
TCACC,69.65728962754457,3.0
TCACG,70.1550324869252,3.0
TCACT,75.50500650823128,3.0
TCAGA,104.88071051967535,3.0
TCAGC,90.40757750691822,3.0
TCAGG,88.62036726515129,3.0
TCAGT,93.06287108831647,3.0
TCATA,79.1031863086086,3.0
TCATC,78.76032667449456,3.0
TCATG,74.5309704460317,3.0
TCATT,79.39888923663196,3.0
TCCAA,74.68568939833592,3.0
TCCAC,67.7415286771481,3.0
TCCAG,82.01359298949559,3.0
TCCAT,73.95466241723229,3.0
TCCCA,64.73186019051246,3.0
TCCCC,60.1292763186002,3.0
TCCCG,69.29917527232718,3.0
TCCCT,63.91266114631842,3.0
TCCGA,79.81471628524028,3.0
TCCGC,75.84154558638633,3.0
TCCGG,81.83317928617295,3.0
TCCGT,78.31573147708076,3.0
TCCTA,71.86230873504884,3.0
TCCTC,67.54711013278025,3.0
TCCTG,76.88338720250827,3.0
TCCTT,67.92937893841585,3.0
TCGAA,96.21726598743238,3.0
TCGAC,96.71882419617243,3.0
TCGAG,96.72695755258685,3.0
TCGAT,100.77478381220142,3.0
TCGCA,85.20177470818749,3.0
TCGCC,84.22714076268204,3.0
TCGCG,81.05393915692218,3.0
TCGCT,88.4213004108736,3.0
TCGGA,105.08717492805039,3.0
TCGGC,92.82556781334489,3.0
TCGGG,94.8851173269455,3.0
TCGGT,102.19300649772495,3.0
TCGTA,90.90134127105608,3.0
TCGTC,90.1606956248493,3.0
TCGTG,81.74202290165046,3.0
TCGTT,88.90264847722264,3.0
TCTAA,78.51979802728408,3.0
TCTAC,72.52220482066971,3.0
TCTAG,84.77783802172081,3.0
TCTAT,77.83838446760048,3.0
TCTCA,70.08238676632837,3.0
TCTCC,64.93851979381928,3.0
TCTCG,73.42355527995966,3.0
TCTCT,70.08238676632837,3.0
TCTGA,87.63357492426711,3.0
TCTGC,78.83096334554614,3.0
TCTGG,86.88557081565722,3.0
TCTGT,82.31337814455736,3.0
TCTTA,74.30491855128562,3.0
TCTTC,69.83782666735875,3.0
TCTTG,78.65294785178125,3.0
TCTTT,70.7634403310388,3.0
TGAAA,94.61856819387995,3.0
TGAAC,87.27999933436912,3.0
TGAAG,93.76338968137142,3.0
TGAAT,95.83499718179678,3.0
TGACA,75.41344181315844,3.0
TGACC,73.47097552556217,3.0
TGACG,70.26591287128585,3.0
TGACT,80.40886066820104,3.0
TGAGA,107.93245150813921,3.0
TGAGC,95.96242011700865,3.0
TGAGG,100.8154127324303,3.0
TGAGT,104.24337429473304,3.0
TGATA,83.30411189453413,3.0
TGATC,86.42767091383465,3.0
TGATG,71.41530584065487,3.0
TGATT,86.37563538860779,3.0
TGCAA,75.3159671566861,3.0
TGCAC,68.35367017337245,3.0
TGCAG,84.35897095699693,3.0
TGCAT,74.11337223621082,3.0
TGCCA,67.56855768102585,3.0
TGCCC,62.2703024104534,3.0
TGCCG,71.41530584065487,3.0
TGCCT,65.01988902364405,3.0
TGCGA,80.37665859955627,3.0
TGCGC,72.75552179698519,3.0
TGCGG,81.50762066962523,3.0
TGCGT,75.01486518253017,3.0
TGCTA,76.68935430429275,3.0
TGCTC,72.6282631347357,3.0
TGCTG,77.77626855604572,3.0
TGCTT,71.74086445720259,3.0
TGGAA,105.58348097001246,3.0
TGGAC,104.15679787554033,3.0
TGGAG,104.59255255218295,3.0
TGGAT,109.93333677501815,3.0
TGGCA,94.21972433418667,3.0
TGGCC,92.32652306877577,3.0
TGGCG,93.94534245544321,3.0
TGGCT,97.39882395422151,3.0
TGGGA,102.47359104241907,3.0
TGGGC,95.2294099132319,3.0
TGGGG,99.41876664166666,3.0
TGGGT,100.7766170808923,3.0
TGGTA,103.86264087029342,3.0
TGGTC,102.39185496559384,3.0
TGGTG,96.22871976600298,3.0
TGGTT,103.04818501023348,3.0
TGTAA,79.45660193002288,3.0
TGTAC,71.11124045253479,3.0
TGTAG,87.34399762081046,3.0
TGTAT,79.16359922783784,3.0
TGTCA,70.71606260314421,3.0
TGTCC,65.15155933732174,3.0
TGTCG,73.20439793022935,3.0
TGTCT,70.35480826248974,3.0
TGTGA,86.2666946550543,3.0
TGTGC,76.87022006572471,3.0
TGTGG,86.84678078629545,3.0
TGTGT,81.4518107315098,3.0
TGTTA,74.63182420612486,3.0
TGTTC,70.6323375057766,3.0
TGTTG,76.25625171360429,3.0
TGTTT,71.02160715069773,3.0
TTAAA,88.98389191085376,3.0
TTAAC,83.99116730808721,3.0
TTAAG,88.31704523414761,3.0
TTAAT,90.72092756773344,3.0
TTACA,74.46078846848457,3.0
TTACC,71.30828314766855,3.0
TTACG,71.31100735560244,3.0
TTACT,78.06600178704689,3.0
TTAGA,106.71323585342418,3.0
TTAGC,90.71056888368105,3.0
TTAGG,91.60367758397071,3.0
TTAGT,99.91253040580453,3.0
TTATA,83.37144342872121,3.0
TTATC,83.20052522970317,3.0
TTATG,75.37246985233166,3.0
TTATT,84.112089074928,3.0
TTCAA,74.94946205479772,3.0
TTCAC,69.29917527232718,3.0
TTCAG,81.64327007854568,3.0
TTCAT,75.2243407933675,3.0
TTCCA,66.92259791617711,3.0
TTCCC,61.78357058326347,3.0
TTCCG,69.713299679996,3.0
TTCCT,65.49014031961454,3.0
TTCGA,80.96040529461689,3.0
TTCGC,76.08444538643136,3.0
TTCGG,81.4243850529776,3.0
TTCGT,78.68068731802552,3.0
TTCTA,74.33268964227133,3.0
TTCTC,70.70565402227757,3.0
TTCTG,76.2959133559782,3.0
TTCTT,70.74601808529705,3.0
TTGAA,102.01925595172668,3.0
TTGAC,103.65252854799547,3.0
TTGAG,101.09349119205983,3.0
TTGAT,107.15439941500782,3.0
TTGCA,91.80219750591482,3.0
TTGCC,89.68871550968113,3.0
TTGCG,87.8013430355001,3.0
TTGCT,94.2695157326237,3.0
TTGGA,103.4332808920591,3.0
TTGGC,92.35579756483001,3.0
TTGGG,96.3856463009514,3.0
TTGGT,99.95164037213367,3.0
TTGTA,98.23163235450001,3.0
TTGTC,97.74634085858878,3.0
TTGTG,86.57601923767265,3.0
TTGTT,96.20675691016524,3.0
TTTAA,77.1335608687731,3.0
TTTAC,72.14442795816693,3.0
TTTAG,83.01257376926287,3.0
TTTAT,77.81660064293777,3.0
TTTCA,70.68171391732899,3.0
TTTCC,65.73741856510927,3.0
TTTCG,73.39636415159302,3.0
TTTCT,70.87501716248273,3.0
TTTGA,85.61040677673654,3.0
TTTGC,78.05226066120652,3.0
TTTGG,85.35949238875044,3.0
TTTGT,81.02069839121474,3.0
TTTTA,73.75864190401846,3.0
TTTTC,70.37074783493787,3.0
TTTTG,76.25344853166334,3.0
TTTTT,71.44850004771521,3.0
